product_id,product_name,category,brand,price,mrp,margin_percentage,shelf_life_days,min_stock_level,max_stock_level,ETL_updated_ts,ETL_DATASOURCE_NAME,product_key
153019,Onions,FRUITS & VEGETABLES,AURORA LLC,947.95,1263.93,25.0,3,13,88,2025-10-06 22:10:02.576615,1,497066718
11422,Potatoes,FRUITS & VEGETABLES,RAMASWAMY-TATA,127.16,169.55,25.0,3,20,65,2025-10-06 22:10:02.576615,1,2082358221
669378,Potatoes,FRUITS & VEGETABLES,CHADHA AND SONS,212.14,282.85,25.0,3,23,70,2025-10-06 22:10:02.576615,1,1544977574
848226,Tomatoes,FRUITS & VEGETABLES,BARAD AND SONS,209.59,279.45,25.0,3,10,51,2025-10-06 22:10:02.576615,1,1729827112
890623,Onions,FRUITS & VEGETABLES,"SANGHA, NAGAR AND VARTY",354.52,472.69,25.0,3,27,55,2025-10-06 22:10:02.576615,1,110101683
965755,Bananas,FRUITS & VEGETABLES,"DOSHI, SARRAF AND SAMA",532.57,710.09,25.0,3,21,91,2025-10-06 22:10:02.576615,1,2078445887
222892,Tomatoes,FRUITS & VEGETABLES,RAMAKRISHNAN-GHOSE,869.22,1158.96,25.0,3,28,88,2025-10-06 22:10:02.576615,1,687440601
516376,Onions,FRUITS & VEGETABLES,AGARWAL-DHAR,877.43,1169.91,25.0,3,21,71,2025-10-06 22:10:02.576615,1,1782984877
39154,Mangoes,FRUITS & VEGETABLES,"SURESH, BOSE AND BAJWA",946.86,1262.48,25.0,3,21,84,2025-10-06 22:10:02.576615,1,1327604593
34186,Mangoes,FRUITS & VEGETABLES,MANDAL-KAR,925.65,1234.2,25.0,3,27,74,2025-10-06 22:10:02.576615,1,1273095001
196719,Bananas,FRUITS & VEGETABLES,YOGI GROUP,217.5,290.0,25.0,3,15,91,2025-10-06 22:10:02.576615,1,1290033046
478531,Carrots,FRUITS & VEGETABLES,UPPAL GROUP,825.46,1100.61,25.0,3,24,90,2025-10-06 22:10:02.576615,1,901900830
812607,Potatoes,FRUITS & VEGETABLES,REGE GROUP,416.65,555.53,25.0,3,11,63,2025-10-06 22:10:02.576615,1,1380872453
818990,Tomatoes,FRUITS & VEGETABLES,DUGAR GROUP,163.55,218.07,25.0,3,22,92,2025-10-06 22:10:02.576615,1,251967856
14145,Spinach,FRUITS & VEGETABLES,"THAKUR, SHAH AND PINGLE",630.84,841.12,25.0,3,14,53,2025-10-06 22:10:02.576615,1,1136210203
349294,Onions,FRUITS & VEGETABLES,GANESAN LTD,934.75,1246.33,25.0,3,25,70,2025-10-06 22:10:02.576615,1,1731020863
847349,Potatoes,FRUITS & VEGETABLES,CHHABRA-AGRAWAL,781.08,1041.44,25.0,3,26,69,2025-10-06 22:10:02.576615,1,757897642
871592,Carrots,FRUITS & VEGETABLES,"SHANKAR, NADKARNI AND KUMER",870.29,1160.39,25.0,3,25,50,2025-10-06 22:10:02.576615,1,105454066
284460,Potatoes,FRUITS & VEGETABLES,"RAMAKRISHNAN, ANAND AND KHARE",505.95,674.6,25.0,3,21,85,2025-10-06 22:10:02.576615,1,1083135401
473929,Carrots,FRUITS & VEGETABLES,"BHARDWAJ, BHATIA AND DESHMUKH",440.19,586.92,25.0,3,19,70,2025-10-06 22:10:02.576615,1,1599286902
77308,Onions,FRUITS & VEGETABLES,RATTA-SAGAR,223.27,297.69,25.0,3,29,91,2025-10-06 22:10:02.576615,1,53241153
654297,Potatoes,FRUITS & VEGETABLES,CHANDRAN-DASS,13.25,17.67,25.0,3,20,86,2025-10-06 22:10:02.576615,1,493986690
70969,Carrots,FRUITS & VEGETABLES,MOHAN GROUP,631.7,842.27,25.0,3,25,96,2025-10-06 22:10:02.576615,1,1332299549
552883,Potatoes,FRUITS & VEGETABLES,"BALAN, PATEL AND MALL",888.16,1184.21,25.0,3,18,94,2025-10-06 22:10:02.576615,1,80327627
952124,Onions,FRUITS & VEGETABLES,"WALI, SOOD AND BALA",127.08,169.44,25.0,3,15,50,2025-10-06 22:10:02.576615,1,1704339285
397973,Bananas,FRUITS & VEGETABLES,"WABLE, RANDHAWA AND MUTTI",728.73,971.64,25.0,3,27,82,2025-10-06 22:10:02.576615,1,662118768
555121,Carrots,FRUITS & VEGETABLES,"SUBRAMANIAN, CHAUDHURI AND DORA",354.91,473.21,25.0,3,30,67,2025-10-06 22:10:02.576615,1,1133999892
818522,Cheese,DAIRY & BREAKFAST,HORA-ROY,96.09,120.11,20.0,7,12,90,2025-10-06 22:10:02.576615,1,361156178
462526,Curd,DAIRY & BREAKFAST,PAU AND SONS,449.97,562.46,20.0,7,25,69,2025-10-06 22:10:02.576615,1,1589916932
376447,Butter,DAIRY & BREAKFAST,GARA AND SONS,724.84,906.05,20.0,7,17,64,2025-10-06 22:10:02.576615,1,1127102493
217710,Eggs,DAIRY & BREAKFAST,ROUT-SARNA,58.59,73.24,20.0,7,19,53,2025-10-06 22:10:02.576615,1,39448864
146840,Bread,DAIRY & BREAKFAST,"BAINS, DEOL AND VAIDYA",786.85,983.56,20.0,7,19,89,2025-10-06 22:10:02.576615,1,467288898
89084,Milk,DAIRY & BREAKFAST,"WALI, VIRK AND IYER",598.83,748.54,20.0,7,27,74,2025-10-06 22:10:02.576615,1,898437619
888807,Bread,DAIRY & BREAKFAST,ARYA GROUP,230.58,288.23,20.0,7,13,91,2025-10-06 22:10:02.576615,1,1701046484
136533,Eggs,DAIRY & BREAKFAST,"RAGHAVAN, MAGAR AND SHANKER",826.21,1032.76,20.0,7,15,75,2025-10-06 22:10:02.576615,1,1335065078
714999,Bread,DAIRY & BREAKFAST,KALA GROUP,882.51,1103.14,20.0,7,27,81,2025-10-06 22:10:02.576615,1,7850779
382511,Butter,DAIRY & BREAKFAST,BORA-THAKKAR,702.54,878.17,20.0,7,26,88,2025-10-06 22:10:02.576615,1,742098017
15314,Cheese,DAIRY & BREAKFAST,BANIK-RATTA,578.85,723.56,20.0,7,30,91,2025-10-06 22:10:02.576615,1,913541967
67197,Butter,DAIRY & BREAKFAST,SHETTY-BORA,552.2,690.25,20.0,7,20,79,2025-10-06 22:10:02.576615,1,1369965279
880510,Bread,DAIRY & BREAKFAST,ROY-CHAR,951.43,1189.29,20.0,7,29,54,2025-10-06 22:10:02.576615,1,1892824527
41853,Curd,DAIRY & BREAKFAST,HANDA PLC,910.44,1138.05,20.0,7,14,92,2025-10-06 22:10:02.576615,1,156111053
257719,Eggs,DAIRY & BREAKFAST,CHAUDHURI PLC,281.73,352.16,20.0,7,17,93,2025-10-06 22:10:02.576615,1,1100680631
891833,Curd,DAIRY & BREAKFAST,MANI PLC,493.19,616.49,20.0,7,11,69,2025-10-06 22:10:02.576615,1,2048002458
741341,Eggs,DAIRY & BREAKFAST,PRASAD LLC,923.84,1154.8,20.0,7,13,62,2025-10-06 22:10:02.576615,1,1767499626
500739,Bread,DAIRY & BREAKFAST,AGGARWAL GROUP,359.98,449.98,20.0,7,18,81,2025-10-06 22:10:02.576615,1,2088914548
500633,Cereal,DAIRY & BREAKFAST,TRIVEDI-AHLUWALIA,154.5,193.12,20.0,7,24,87,2025-10-06 22:10:02.576615,1,1149899146
799952,Cheese,DAIRY & BREAKFAST,PADMANABHAN-VIRK,922.64,1153.3,20.0,7,13,66,2025-10-06 22:10:02.576615,1,668579787
798639,Eggs,DAIRY & BREAKFAST,SUBRAMANIAM LLC,211.25,264.06,20.0,7,12,78,2025-10-06 22:10:02.576615,1,208459410
329351,Cheese,DAIRY & BREAKFAST,"LALA, KALITA AND SATHE",310.87,388.59,20.0,7,23,95,2025-10-06 22:10:02.576615,1,423999419
833557,Cereal,DAIRY & BREAKFAST,"GOLE, CHAND AND DADA",422.87,528.59,20.0,7,27,69,2025-10-06 22:10:02.576615,1,1245931918
324809,Bread,DAIRY & BREAKFAST,SIDHU PLC,608.0,760.0,20.0,7,26,76,2025-10-06 22:10:02.576615,1,255369313
337168,Eggs,DAIRY & BREAKFAST,DASGUPTA PLC,545.49,681.86,20.0,7,25,98,2025-10-06 22:10:02.576615,1,422169668
659290,Cheese,DAIRY & BREAKFAST,KAPADIA-D’ALIA,319.34,399.17,20.0,7,18,66,2025-10-06 22:10:02.576615,1,1196372733
883013,Eggs,DAIRY & BREAKFAST,CHAHAL GROUP,989.88,1237.35,20.0,7,13,98,2025-10-06 22:10:02.576615,1,1917608457
839170,Curd,DAIRY & BREAKFAST,SHETTY AND SONS,481.63,602.04,20.0,7,11,59,2025-10-06 22:10:02.576615,1,622492390
455083,Butter,DAIRY & BREAKFAST,DUTTA INC,959.01,1198.76,20.0,7,29,63,2025-10-06 22:10:02.576615,1,1489577187
183929,Bread,DAIRY & BREAKFAST,"NAGI, SAMPATH AND KHURANA",738.74,923.42,20.0,7,20,73,2025-10-06 22:10:02.576615,1,343175786
592784,Biscuits,SNACKS & MUNCHIES,"ANDRA, MANDER AND KARI",280.35,431.31,35.0,90,27,64,2025-10-06 22:10:02.576615,1,1562413714
578097,Nuts,SNACKS & MUNCHIES,JHA GROUP,267.61,411.71,35.0,90,22,75,2025-10-06 22:10:02.576615,1,131763570
487065,Chips,SNACKS & MUNCHIES,KADAKIA-YADAV,374.68,576.43,35.0,90,27,87,2025-10-06 22:10:02.576615,1,1820956768
734789,Popcorn,SNACKS & MUNCHIES,"CHAUDHARI, PANT AND SINGH",395.82,608.95,35.0,90,22,66,2025-10-06 22:10:02.576615,1,35227595
949818,Biscuits,SNACKS & MUNCHIES,YOHANNAN INC,483.05,743.15,35.0,90,21,76,2025-10-06 22:10:02.576615,1,401832236
690565,Cookies,SNACKS & MUNCHIES,"ROY, SETH AND PATLA",951.27,1463.49,35.0,90,15,56,2025-10-06 22:10:02.576615,1,1892387761
961614,Chocolates,SNACKS & MUNCHIES,GODA INC,227.22,349.57,35.0,90,26,99,2025-10-06 22:10:02.576615,1,83931506
361361,Biscuits,SNACKS & MUNCHIES,"KUNDA, DAVE AND SAHNI",826.21,1271.09,35.0,90,20,64,2025-10-06 22:10:02.576615,1,1916552937
291238,Chocolates,SNACKS & MUNCHIES,"SINHA, PAU AND CHHABRA",746.03,1147.74,35.0,90,16,68,2025-10-06 22:10:02.576615,1,438906943
654623,Chips,SNACKS & MUNCHIES,PRADHAN AND SONS,422.14,649.45,35.0,90,18,76,2025-10-06 22:10:02.576615,1,1591468152
313754,Biscuits,SNACKS & MUNCHIES,"SWAMINATHAN, MAHAL AND DARA",136.6,210.15,35.0,90,25,67,2025-10-06 22:10:02.576615,1,1873393598
563740,Chips,SNACKS & MUNCHIES,MANN-KAPADIA,96.33,148.2,35.0,90,20,61,2025-10-06 22:10:02.576615,1,1502080094
378230,Nuts,SNACKS & MUNCHIES,KALA-VIG,166.42,256.03,35.0,90,13,76,2025-10-06 22:10:02.576615,1,1431784583
658389,Popcorn,SNACKS & MUNCHIES,"CHANDA, SOM AND VOHRA",152.55,234.69,35.0,90,22,68,2025-10-06 22:10:02.576615,1,1291868352
990993,Chocolates,SNACKS & MUNCHIES,GUHA-SUBRAMANIAM,263.7,405.69,35.0,90,22,61,2025-10-06 22:10:02.576615,1,182906398
762527,Biscuits,SNACKS & MUNCHIES,"CHAD, YOHANNAN AND CHOPRA",690.08,1061.66,35.0,90,23,71,2025-10-06 22:10:02.576615,1,329436691
952168,Popcorn,SNACKS & MUNCHIES,"KRISHNAMURTHY, SIBAL AND DAS",236.95,364.54,35.0,90,28,79,2025-10-06 22:10:02.576615,1,1306578566
542300,Popcorn,SNACKS & MUNCHIES,GULATI-TANDON,255.35,392.85,35.0,90,11,66,2025-10-06 22:10:02.576615,1,642032292
602241,Nuts,SNACKS & MUNCHIES,BAHL-PAU,976.55,1502.38,35.0,90,12,75,2025-10-06 22:10:02.576615,1,1642929732
587420,Cookies,SNACKS & MUNCHIES,RAJ AND SONS,357.42,549.88,35.0,90,22,50,2025-10-06 22:10:02.576615,1,556067197
491521,Nuts,SNACKS & MUNCHIES,KARPE INC,556.35,855.92,35.0,90,28,98,2025-10-06 22:10:02.576615,1,1355063782
914071,Chips,SNACKS & MUNCHIES,DATTA LTD,296.94,456.83,35.0,90,25,90,2025-10-06 22:10:02.576615,1,243355904
832348,Biscuits,SNACKS & MUNCHIES,JANI-RAM,831.43,1279.12,35.0,90,10,79,2025-10-06 22:10:02.576615,1,1150628393
567671,Biscuits,SNACKS & MUNCHIES,NAGAR LLC,418.48,643.82,35.0,90,12,90,2025-10-06 22:10:02.576615,1,871692779
481843,Chocolates,SNACKS & MUNCHIES,"TANEJA, KALA AND KOTA",297.68,457.97,35.0,90,10,88,2025-10-06 22:10:02.576615,1,574797365
991434,Cookies,SNACKS & MUNCHIES,MITAL-OZA,237.62,365.57,35.0,90,12,87,2025-10-06 22:10:02.576615,1,179299332
540618,Popcorn,SNACKS & MUNCHIES,GOLLA-LUTHRA,317.05,487.77,35.0,90,28,87,2025-10-06 22:10:02.576615,1,73358530
319388,Orange Juice,COLD DRINKS & JUICES,D’ALIA-DEY,657.8,939.71,30.0,180,26,56,2025-10-06 22:10:02.576615,1,936740962
171602,Cola,COLD DRINKS & JUICES,PAL-SEHGAL,883.44,1262.06,30.0,180,28,58,2025-10-06 22:10:02.576615,1,1982538297
60619,Iced Tea,COLD DRINKS & JUICES,BHASIN LLC,726.41,1037.73,30.0,180,10,97,2025-10-06 22:10:02.576615,1,1259607174
962591,Orange Juice,COLD DRINKS & JUICES,MURTHY-KAUL,130.01,185.73,30.0,180,24,74,2025-10-06 22:10:02.576615,1,1416204614
107548,Cola,COLD DRINKS & JUICES,"BHANDARI, BHASIN AND PALAN",891.6,1273.71,30.0,180,27,53,2025-10-06 22:10:02.576615,1,1150580600
687218,Mango Drink,COLD DRINKS & JUICES,"SANKARAN, PALL AND GOLA",317.82,454.03,30.0,180,22,58,2025-10-06 22:10:02.576615,1,1314693034
328457,Mango Drink,COLD DRINKS & JUICES,HAYRE-SHERE,858.57,1226.53,30.0,180,12,76,2025-10-06 22:10:02.576615,1,1715494761
194682,Iced Tea,COLD DRINKS & JUICES,SASTRY-ISSAC,912.29,1303.27,30.0,180,11,86,2025-10-06 22:10:02.576615,1,673039313
681063,Mango Drink,COLD DRINKS & JUICES,DASS AND SONS,321.28,458.97,30.0,180,20,91,2025-10-06 22:10:02.576615,1,750324095
679321,Cola,COLD DRINKS & JUICES,KHURANA-DEWAN,738.46,1054.94,30.0,180,20,68,2025-10-06 22:10:02.576615,1,575119873
300159,Cola,COLD DRINKS & JUICES,"BASU, ROUT AND MISTRY",44.35,63.36,30.0,180,20,93,2025-10-06 22:10:02.576615,1,1415353469
378287,Lemonade,COLD DRINKS & JUICES,RAMESH-JAIN,332.84,475.49,30.0,180,22,51,2025-10-06 22:10:02.576615,1,210776433
118820,Iced Tea,COLD DRINKS & JUICES,"WARRIOR, RAVEL AND AMBLE",12.32,17.6,30.0,180,12,61,2025-10-06 22:10:02.576615,1,777645869
667163,Orange Juice,COLD DRINKS & JUICES,PALLA LLC,441.2,630.29,30.0,180,25,72,2025-10-06 22:10:02.576615,1,1152496784
228286,Cola,COLD DRINKS & JUICES,BHATTACHARYYA PLC,179.08,255.83,30.0,180,26,79,2025-10-06 22:10:02.576615,1,2123717842
561860,Orange Juice,COLD DRINKS & JUICES,GUPTA LTD,874.78,1249.69,30.0,180,21,90,2025-10-06 22:10:02.576615,1,314419203
712003,Cola,COLD DRINKS & JUICES,"KARAN, BANDI AND ACHARYA",671.68,959.54,30.0,180,30,54,2025-10-06 22:10:02.576615,1,605361557
712307,Orange Juice,COLD DRINKS & JUICES,CHANA LLC,264.89,378.41,30.0,180,16,73,2025-10-06 22:10:02.576615,1,992342221
513199,Cola,COLD DRINKS & JUICES,RASTOGI INC,422.23,603.19,30.0,180,26,52,2025-10-06 22:10:02.576615,1,1804701544
962054,Orange Juice,COLD DRINKS & JUICES,TOOR-NAGAR,16.86,24.09,30.0,180,11,74,2025-10-06 22:10:02.576615,1,702536214
378676,Orange Juice,COLD DRINKS & JUICES,BARAL-KAMDAR,881.42,1259.17,30.0,180,19,65,2025-10-06 22:10:02.576615,1,1669795077
890232,Mango Drink,COLD DRINKS & JUICES,JHA GROUP,432.0,617.14,30.0,180,20,91,2025-10-06 22:10:02.576615,1,273331923
532965,Frozen Pizza,INSTANT & FROZEN FOOD,SACHDEV INC,307.23,512.05,40.0,180,20,94,2025-10-06 22:10:02.576615,1,301069127
365132,Instant Noodles,INSTANT & FROZEN FOOD,DAR-KUMAR,229.38,382.3,40.0,180,19,70,2025-10-06 22:10:02.576615,1,1297590811
689769,Frozen Vegetables,INSTANT & FROZEN FOOD,KOTHARI-DATTA,46.62,77.7,40.0,180,17,51,2025-10-06 22:10:02.576615,1,920943969
969851,Frozen Vegetables,INSTANT & FROZEN FOOD,"KARA, SODHI AND BASSI",340.66,567.77,40.0,180,27,64,2025-10-06 22:10:02.576615,1,683664197
305754,Frozen Vegetables,INSTANT & FROZEN FOOD,MAMMEN-HEGDE,979.99,1633.32,40.0,180,22,81,2025-10-06 22:10:02.576615,1,619109509
398340,Instant Noodles,INSTANT & FROZEN FOOD,"NADIG, ZACHARIAH AND SONI",651.93,1086.55,40.0,180,11,56,2025-10-06 22:10:02.576615,1,130949049
491314,Ice Cream,INSTANT & FROZEN FOOD,BANERJEE INC,973.44,1622.4,40.0,180,11,71,2025-10-06 22:10:02.576615,1,1772886192
33955,Frozen Pizza,INSTANT & FROZEN FOOD,BARAL GROUP,186.08,310.13,40.0,180,29,84,2025-10-06 22:10:02.576615,1,460003601
470449,Frozen Biryani,INSTANT & FROZEN FOOD,KOHLI-SAWHNEY,827.77,1379.62,40.0,180,27,57,2025-10-06 22:10:02.576615,1,2032155310
954722,Ice Cream,INSTANT & FROZEN FOOD,MOHAN-VIRK,616.45,1027.42,40.0,180,11,58,2025-10-06 22:10:02.576615,1,991469298
623234,Frozen Biryani,INSTANT & FROZEN FOOD,CHAKRABARTI-BATRA,329.79,549.65,40.0,180,13,72,2025-10-06 22:10:02.576615,1,2102605197
131937,Frozen Pizza,INSTANT & FROZEN FOOD,"VARKEY, DEVI AND GANGULY",287.81,479.68,40.0,180,18,68,2025-10-06 22:10:02.576615,1,1261682347
606256,Frozen Biryani,INSTANT & FROZEN FOOD,AGATE LTD,369.28,615.47,40.0,180,16,57,2025-10-06 22:10:02.576615,1,457834622
652118,Frozen Biryani,INSTANT & FROZEN FOOD,AGATE AND SONS,22.04,36.73,40.0,180,19,55,2025-10-06 22:10:02.576615,1,521926726
187399,Frozen Pizza,INSTANT & FROZEN FOOD,CHAUHAN INC,53.49,89.15,40.0,180,14,73,2025-10-06 22:10:02.576615,1,1064147607
925482,Frozen Biryani,INSTANT & FROZEN FOOD,VISWANATHAN-SHA,475.04,791.73,40.0,180,23,66,2025-10-06 22:10:02.576615,1,277135915
611575,Frozen Pizza,INSTANT & FROZEN FOOD,"BHAT, NIGAM AND HAYER",482.06,803.43,40.0,180,25,87,2025-10-06 22:10:02.576615,1,14328499
621677,Frozen Biryani,INSTANT & FROZEN FOOD,SABHARWAL-MITAL,317.8,529.67,40.0,180,15,71,2025-10-06 22:10:02.576615,1,180408731
306177,Frozen Biryani,INSTANT & FROZEN FOOD,SOM INC,769.24,1282.07,40.0,180,11,54,2025-10-06 22:10:02.576615,1,1525819089
272170,Ice Cream,INSTANT & FROZEN FOOD,PUROHIT GROUP,140.8,234.67,40.0,180,10,92,2025-10-06 22:10:02.576615,1,1985571996
721521,Rice,GROCERY & STAPLES,"RAMANATHAN, AGARWAL AND BARIA",417.39,491.05,15.0,365,20,72,2025-10-06 22:10:02.576615,1,1715454616
692985,Pulses,GROCERY & STAPLES,"WABLE, SANKARAN AND HARI",197.39,232.22,15.0,365,30,86,2025-10-06 22:10:02.576615,1,337047332
487931,Sugar,GROCERY & STAPLES,"BAHL, JAGGI AND NATH",709.08,834.21,15.0,365,27,68,2025-10-06 22:10:02.576615,1,467520116
901144,Sugar,GROCERY & STAPLES,DEO-KAMDAR,340.36,400.42,15.0,365,12,71,2025-10-06 22:10:02.576615,1,1352129620
764014,Salt,GROCERY & STAPLES,"GREWAL, SWAMY AND DAYAL",612.04,720.05,15.0,365,30,100,2025-10-06 22:10:02.576615,1,958732770
53833,Rice,GROCERY & STAPLES,TELLA-MASTER,134.69,158.46,15.0,365,26,89,2025-10-06 22:10:02.576615,1,1504830200
876139,Pulses,GROCERY & STAPLES,CHERIAN-DARA,415.75,489.12,15.0,365,14,83,2025-10-06 22:10:02.576615,1,423032908
903336,Pulses,GROCERY & STAPLES,"VAIDYA, AMBLE AND PALLA",551.88,649.27,15.0,365,14,60,2025-10-06 22:10:02.576615,1,146464680
120532,Wheat Flour,GROCERY & STAPLES,NAZARETH LTD,697.53,820.62,15.0,365,29,95,2025-10-06 22:10:02.576615,1,1562501251
945635,Pulses,GROCERY & STAPLES,BALASUBRAMANIAN PLC,778.9,916.35,15.0,365,16,59,2025-10-06 22:10:02.576615,1,1195017983
760684,Rice,GROCERY & STAPLES,KANDA-GUPTA,71.6,84.24,15.0,365,14,64,2025-10-06 22:10:02.576615,1,1594364382
354409,Pulses,GROCERY & STAPLES,BOSE-PANDIT,325.08,382.45,15.0,365,24,60,2025-10-06 22:10:02.576615,1,912571795
937542,Wheat Flour,GROCERY & STAPLES,KHURANA AND SONS,97.04,114.16,15.0,365,28,93,2025-10-06 22:10:02.576615,1,433256058
490602,Sugar,GROCERY & STAPLES,RAGHAVAN INC,549.47,646.44,15.0,365,20,71,2025-10-06 22:10:02.576615,1,769559771
131136,Salt,GROCERY & STAPLES,DESHPANDE-RAMA,37.8,44.47,15.0,365,29,95,2025-10-06 22:10:02.576615,1,830909099
287070,Wheat Flour,GROCERY & STAPLES,"GALA, MAGAR AND RAJAGOPAL",443.17,521.38,15.0,365,20,93,2025-10-06 22:10:02.576615,1,1647839942
679865,Wheat Flour,GROCERY & STAPLES,MEMON-BARAD,347.91,409.31,15.0,365,14,85,2025-10-06 22:10:02.576615,1,1981302669
317242,Pulses,GROCERY & STAPLES,RASTOGI GROUP,198.15,233.12,15.0,365,22,63,2025-10-06 22:10:02.576615,1,907771087
644847,Salt,GROCERY & STAPLES,"JHAVERI, KATA AND KAPUR",622.81,732.72,15.0,365,24,52,2025-10-06 22:10:02.576615,1,1566934008
327290,Sugar,GROCERY & STAPLES,NADKARNI INC,862.28,1014.45,15.0,365,22,65,2025-10-06 22:10:02.576615,1,2127111214
993331,Pulses,GROCERY & STAPLES,"PARMER, GOLA AND YOGI",102.44,120.52,15.0,365,28,86,2025-10-06 22:10:02.576615,1,151381207
807452,Pulses,GROCERY & STAPLES,NAIK LTD,144.19,169.64,15.0,365,27,61,2025-10-06 22:10:02.576615,1,1477155421
451933,Wheat Flour,GROCERY & STAPLES,NADIG LTD,568.94,669.34,15.0,365,28,98,2025-10-06 22:10:02.576615,1,2021970875
461804,Sugar,GROCERY & STAPLES,"GHOSE, BEN AND DIVAN",310.69,365.52,15.0,365,15,97,2025-10-06 22:10:02.576615,1,283755580
36412,Dish Soap,HOUSEHOLD CARE,MUNI-SHANKAR,397.68,530.24,25.0,365,27,92,2025-10-06 22:10:02.576615,1,1112774141
94225,Toilet Cleaner,HOUSEHOLD CARE,"GULATI, RAM AND SARKAR",77.11,102.81,25.0,365,13,70,2025-10-06 22:10:02.576615,1,249826083
704868,Detergent,HOUSEHOLD CARE,"PARIKH, OAK AND KARA",193.46,257.95,25.0,365,24,58,2025-10-06 22:10:02.576615,1,168512143
18035,Dish Soap,HOUSEHOLD CARE,RAMESH INC,968.94,1291.92,25.0,365,12,87,2025-10-06 22:10:02.576615,1,1926219
435929,Toilet Cleaner,HOUSEHOLD CARE,MEMON LTD,856.89,1142.52,25.0,365,13,71,2025-10-06 22:10:02.576615,1,2132258950
820541,Toilet Cleaner,HOUSEHOLD CARE,"BORDE, PERI AND UPADHYAY",576.22,768.29,25.0,365,19,71,2025-10-06 22:10:02.576615,1,950750353
552496,Dish Soap,HOUSEHOLD CARE,DHAR PLC,508.0,677.33,25.0,365,17,59,2025-10-06 22:10:02.576615,1,835527500
455755,Detergent,HOUSEHOLD CARE,MANGAL-SATHE,44.09,58.79,25.0,365,23,53,2025-10-06 22:10:02.576615,1,1899574707
91670,Dish Soap,HOUSEHOLD CARE,BARMAN-AHLUWALIA,439.24,585.65,25.0,365,27,88,2025-10-06 22:10:02.576615,1,1550787547
336847,Toilet Cleaner,HOUSEHOLD CARE,"DAYAL, MAMMEN AND MORE",936.98,1249.31,25.0,365,17,55,2025-10-06 22:10:02.576615,1,1213656388
144124,Detergent,HOUSEHOLD CARE,LALLA-SRINIVASAN,162.67,216.89,25.0,365,11,82,2025-10-06 22:10:02.576615,1,379707586
747801,Toilet Cleaner,HOUSEHOLD CARE,SAHA-VORA,277.76,370.35,25.0,365,23,71,2025-10-06 22:10:02.576615,1,997364420
589812,Detergent,HOUSEHOLD CARE,BIR PLC,163.03,217.37,25.0,365,22,52,2025-10-06 22:10:02.576615,1,227283775
677542,Toilet Cleaner,HOUSEHOLD CARE,THAMAN-LANKA,212.61,283.48,25.0,365,10,52,2025-10-06 22:10:02.576615,1,1050531960
604184,Toilet Cleaner,HOUSEHOLD CARE,"GABA, SODHI AND CHOUDHARY",397.55,530.07,25.0,365,24,84,2025-10-06 22:10:02.576615,1,519693845
697683,Toilet Cleaner,HOUSEHOLD CARE,"MURTY, VARGHESE AND SAXENA",123.74,164.99,25.0,365,14,82,2025-10-06 22:10:02.576615,1,1677500147
894539,Dish Soap,HOUSEHOLD CARE,"PALL, SULE AND SOOD",445.48,593.97,25.0,365,14,93,2025-10-06 22:10:02.576615,1,1121923977
739534,Toilet Cleaner,HOUSEHOLD CARE,"GERA, NARANG AND KARPE",994.56,1326.08,25.0,365,14,59,2025-10-06 22:10:02.576615,1,924030946
968887,Dish Soap,HOUSEHOLD CARE,KEER-GILL,40.7,54.27,25.0,365,18,92,2025-10-06 22:10:02.576615,1,1182035670
709916,Detergent,HOUSEHOLD CARE,VARKEY LLC,33.76,45.01,25.0,365,30,88,2025-10-06 22:10:02.576615,1,2133218441
739448,Dish Soap,HOUSEHOLD CARE,MAND-CHOUDHRY,755.66,1007.55,25.0,365,24,79,2025-10-06 22:10:02.576615,1,1222679220
700048,Dish Soap,HOUSEHOLD CARE,KHALSA-BHAVSAR,141.28,188.37,25.0,365,25,98,2025-10-06 22:10:02.576615,1,809445133
897083,Detergent,HOUSEHOLD CARE,DUTTA-HALDER,972.69,1296.92,25.0,365,10,100,2025-10-06 22:10:02.576615,1,1653724011
448752,Toilet Cleaner,HOUSEHOLD CARE,BATTA-DOCTOR,160.07,213.43,25.0,365,23,96,2025-10-06 22:10:02.576615,1,480868942
365133,Dish Soap,HOUSEHOLD CARE,HANS INC,915.45,1220.6,25.0,365,25,60,2025-10-06 22:10:02.576615,1,713921620
133542,Detergent,HOUSEHOLD CARE,EDWIN-LALL,68.49,91.32,25.0,365,21,72,2025-10-06 22:10:02.576615,1,1304230899
767398,Dish Soap,HOUSEHOLD CARE,"ARYA, SUNDARAM AND PINGLE",22.14,29.52,25.0,365,15,57,2025-10-06 22:10:02.576615,1,531002713
863930,Shampoo,PERSONAL CARE,"SATHE, AGARWAL AND DHAR",242.57,373.18,35.0,365,26,72,2025-10-06 22:10:02.576615,1,932759592
473647,Toothpaste,PERSONAL CARE,BEN-RAVI,43.05,66.23,35.0,365,18,82,2025-10-06 22:10:02.576615,1,1733243853
9436,Toothpaste,PERSONAL CARE,NAIDU PLC,88.43,136.05,35.0,365,19,76,2025-10-06 22:10:02.576615,1,1149935421
385113,Lotion,PERSONAL CARE,"SAMPATH, MANE AND MODY",816.38,1255.97,35.0,365,21,50,2025-10-06 22:10:02.576615,1,428047797
112390,Toothpaste,PERSONAL CARE,"KIBE, CONTRACTOR AND RANDHAWA",877.98,1350.74,35.0,365,23,85,2025-10-06 22:10:02.576615,1,1777953163
647462,Lotion,PERSONAL CARE,"BALAN, SAMRA AND SEKHON",326.42,502.18,35.0,365,22,64,2025-10-06 22:10:02.576615,1,1717547705
34200,Lotion,PERSONAL CARE,MUNSHI-GREWAL,319.8,492.0,35.0,365,19,75,2025-10-06 22:10:02.576615,1,1134595403
753354,Shampoo,PERSONAL CARE,SANT-MAHAJAN,423.56,651.63,35.0,365,20,52,2025-10-06 22:10:02.576615,1,735880283
490939,Lotion,PERSONAL CARE,"ROY, BARAD AND DE",80.25,123.46,35.0,365,12,67,2025-10-06 22:10:02.576615,1,660219871
672059,Toothpaste,PERSONAL CARE,KAUR-GOLA,672.73,1034.97,35.0,365,25,81,2025-10-06 22:10:02.576615,1,1227723400
803607,Soap,PERSONAL CARE,"KADAKIA, MOHAN AND SATHE",949.73,1461.12,35.0,365,21,98,2025-10-06 22:10:02.576615,1,1562408934
124290,Lotion,PERSONAL CARE,SACHDEV GROUP,39.65,61.0,35.0,365,23,71,2025-10-06 22:10:02.576615,1,183811791
140489,Soap,PERSONAL CARE,"BISWAS, KAPOOR AND PATEL",650.2,1000.31,35.0,365,28,95,2025-10-06 22:10:02.576615,1,1893418629
799688,Lotion,PERSONAL CARE,ARORA LLC,309.62,476.34,35.0,365,22,90,2025-10-06 22:10:02.576615,1,1688417826
859361,Shampoo,PERSONAL CARE,MITTER GROUP,432.39,665.22,35.0,365,25,77,2025-10-06 22:10:02.576615,1,1280507817
492958,Lotion,PERSONAL CARE,ACHARYA PLC,84.2,129.54,35.0,365,26,88,2025-10-06 22:10:02.576615,1,2093511184
63769,Lotion,PERSONAL CARE,DALAL-SHAN,878.07,1350.88,35.0,365,27,69,2025-10-06 22:10:02.576615,1,91929233
684939,Lotion,PERSONAL CARE,"SIBAL, BHATNAGAR AND RAJAN",727.95,1119.92,35.0,365,22,50,2025-10-06 22:10:02.576615,1,2066068749
219598,Shampoo,PERSONAL CARE,ARORA-MAGAR,367.08,564.74,35.0,365,28,83,2025-10-06 22:10:02.576615,1,1543971995
140154,Shampoo,PERSONAL CARE,MALHOTRA LLC,171.2,263.38,35.0,365,24,59,2025-10-06 22:10:02.576615,1,1806801571
449106,Soap,PERSONAL CARE,"SHERE, THAKUR AND NAIK",48.55,74.69,35.0,365,30,95,2025-10-06 22:10:02.576615,1,347199780
256051,Lotion,PERSONAL CARE,"MANNAN, NAIDU AND SAMA",400.92,616.8,35.0,365,17,100,2025-10-06 22:10:02.576615,1,224756323
615545,Soap,PERSONAL CARE,BARMAN INC,448.16,689.48,35.0,365,20,67,2025-10-06 22:10:02.576615,1,1651327884
366066,Soap,PERSONAL CARE,MANDAL LLC,918.58,1413.2,35.0,365,16,52,2025-10-06 22:10:02.576615,1,1671068873
600767,Toothpaste,PERSONAL CARE,BALAN GROUP,722.42,1111.42,35.0,365,22,68,2025-10-06 22:10:02.576615,1,358333658
784827,Baby Wipes,BABY CARE,BALAKRISHNAN LTD,274.25,391.79,30.0,365,26,77,2025-10-06 22:10:02.576615,1,1199454597
6405,Baby Food,BABY CARE,KASHYAP-REDDY,236.51,337.87,30.0,365,11,81,2025-10-06 22:10:02.576615,1,311948925
853932,Baby Wipes,BABY CARE,RANGANATHAN-PERI,941.19,1344.56,30.0,365,21,94,2025-10-06 22:10:02.576615,1,593620396
970529,Diapers,BABY CARE,"KURIAN, PATLA AND SANGHVI",827.44,1182.06,30.0,365,19,84,2025-10-06 22:10:02.576615,1,590705616
51036,Baby Food,BABY CARE,KARNIK PLC,931.61,1330.87,30.0,365,12,86,2025-10-06 22:10:02.576615,1,781095989
820973,Baby Wipes,BABY CARE,LALL LLC,114.52,163.6,30.0,365,29,56,2025-10-06 22:10:02.576615,1,1667049476
367391,Baby Wipes,BABY CARE,TALWAR AND SONS,939.55,1342.21,30.0,365,18,52,2025-10-06 22:10:02.576615,1,1832350899
433521,Diapers,BABY CARE,MAHAL GROUP,321.33,459.04,30.0,365,27,58,2025-10-06 22:10:02.576615,1,582652347
927651,Baby Wipes,BABY CARE,NARULA GROUP,426.72,609.6,30.0,365,15,60,2025-10-06 22:10:02.576615,1,1862532055
930284,Baby Food,BABY CARE,"GARG, SARAF AND DUTTA",189.47,270.67,30.0,365,20,58,2025-10-06 22:10:02.576615,1,1905951401
4452,Baby Wipes,BABY CARE,MORAR-MISTRY,169.88,242.69,30.0,365,27,100,2025-10-06 22:10:02.576615,1,1669846499
82484,Baby Food,BABY CARE,MALLICK PLC,914.88,1306.97,30.0,365,12,73,2025-10-06 22:10:02.576615,1,579513425
440875,Baby Wipes,BABY CARE,LOYAL INC,275.03,392.9,30.0,365,15,80,2025-10-06 22:10:02.576615,1,245291136
432617,Baby Wipes,BABY CARE,DORA-PILLAI,863.18,1233.11,30.0,365,17,97,2025-10-06 22:10:02.576615,1,1546344002
953175,Baby Food,BABY CARE,SEHGAL-NAGARAJAN,225.21,321.73,30.0,365,11,73,2025-10-06 22:10:02.576615,1,667939899
57405,Baby Food,BABY CARE,SRINIVAS PLC,607.67,868.1,30.0,365,21,64,2025-10-06 22:10:02.576615,1,770627295
707935,Cat Food,PET CARE,"ANNE, MAMMEN AND KHATRI",820.9,1262.92,35.0,365,30,97,2025-10-06 22:10:02.576615,1,1656173295
942001,Cat Food,PET CARE,ACHARYA LTD,671.55,1033.15,35.0,365,20,84,2025-10-06 22:10:02.576615,1,1043912028
585299,Pet Treats,PET CARE,"SHARMA, CHANDRA AND PRASHAD",799.46,1229.94,35.0,365,13,50,2025-10-06 22:10:02.576615,1,949815871
120385,Pet Treats,PET CARE,DUBEY-SARIN,597.91,919.86,35.0,365,28,73,2025-10-06 22:10:02.576615,1,827097792
52729,Cat Food,PET CARE,SAINI LLC,316.02,486.18,35.0,365,25,100,2025-10-06 22:10:02.576615,1,531297442
661577,Cat Food,PET CARE,MAJUMDAR PLC,720.95,1109.15,35.0,365,28,95,2025-10-06 22:10:02.576615,1,1306047591
951463,Pet Treats,PET CARE,BALAKRISHNAN-KAUR,787.4,1211.38,35.0,365,16,82,2025-10-06 22:10:02.576615,1,170729287
373536,Dog Food,PET CARE,CHAUHAN-SABHARWAL,494.17,760.26,35.0,365,14,64,2025-10-06 22:10:02.576615,1,1592075761
243235,Cat Food,PET CARE,BATTA INC,109.03,167.74,35.0,365,14,71,2025-10-06 22:10:02.576615,1,845513255
564692,Cat Food,PET CARE,"KRISHNA, BAIL AND DYAL",215.65,331.77,35.0,365,25,82,2025-10-06 22:10:02.576615,1,171152667
131748,Dog Food,PET CARE,"SHROFF, WASON AND DUGAR",81.35,125.15,35.0,365,30,53,2025-10-06 22:10:02.576615,1,1024605301
256783,Pet Treats,PET CARE,"BASU, THAKUR AND REGE",906.54,1394.68,35.0,365,16,98,2025-10-06 22:10:02.576615,1,2061736232
186168,Dog Food,PET CARE,"PAREKH, LAD AND KADAKIA",878.8,1352.0,35.0,365,13,75,2025-10-06 22:10:02.576615,1,1256706434
537274,Pet Treats,PET CARE,LAL-CHAUHAN,702.71,1081.09,35.0,365,17,67,2025-10-06 22:10:02.576615,1,1610734118
525531,Dog Food,PET CARE,SANDAL PLC,831.1,1278.62,35.0,365,28,65,2025-10-06 22:10:02.576615,1,1158549287
913428,Pet Treats,PET CARE,NARAYANAN-KUMAR,392.22,603.42,35.0,365,30,98,2025-10-06 22:10:02.576615,1,1926809877
757274,Pet Treats,PET CARE,"MINHAS, KAPOOR AND SETHI",98.32,151.26,35.0,365,27,95,2025-10-06 22:10:02.576615,1,1105999156
726958,Cat Food,PET CARE,DOCTOR-PATLA,887.48,1365.35,35.0,365,18,79,2025-10-06 22:10:02.576615,1,1997019986
642612,Pet Treats,PET CARE,PILLAY-AHUJA,517.03,795.43,35.0,365,16,57,2025-10-06 22:10:02.576615,1,1800915091
613942,Pet Treats,PET CARE,"DYAL, SARAF AND GOEL",545.0,838.46,35.0,365,28,72,2025-10-06 22:10:02.576615,1,2097313557
784673,Dog Food,PET CARE,RAMANATHAN GROUP,491.39,755.98,35.0,365,21,84,2025-10-06 22:10:02.576615,1,1715124834
425341,Pet Treats,PET CARE,"MANI, DHAR AND MUNI",486.28,748.12,35.0,365,21,68,2025-10-06 22:10:02.576615,1,1277415081
771228,Pet Treats,PET CARE,RAJA AND SONS,83.18,127.97,35.0,365,25,73,2025-10-06 22:10:02.576615,1,725006193
760828,Pet Treats,PET CARE,"KHURANA, KHOSLA AND YOHANNAN",563.45,866.85,35.0,365,23,93,2025-10-06 22:10:02.576615,1,1249739333
723678,Dog Food,PET CARE,"LALL, DATTA AND SWAMY",675.46,1039.17,35.0,365,14,97,2025-10-06 22:10:02.576615,1,1302042089
451812,Pain Reliever,PHARMACY,"BATRA, SANT AND MANDAL",530.85,663.56,20.0,365,29,63,2025-10-06 22:10:02.576615,1,1208840252
677169,Cough Syrup,PHARMACY,CHAR-DIVAN,261.03,326.29,20.0,365,12,77,2025-10-06 22:10:02.576615,1,1618005433
274207,Cough Syrup,PHARMACY,"SAVANT, BATTA AND MANDER",328.51,410.64,20.0,365,25,51,2025-10-06 22:10:02.576615,1,2095648851
706112,Vitamins,PHARMACY,"MAGAR, GARA AND GARG",478.79,598.49,20.0,365,12,77,2025-10-06 22:10:02.576615,1,614053116
557908,Vitamins,PHARMACY,SUNDARAM INC,942.37,1177.96,20.0,365,14,53,2025-10-06 22:10:02.576615,1,1416367254
587645,Vitamins,PHARMACY,"SURA, PILLAY AND MAMMEN",801.81,1002.26,20.0,365,18,90,2025-10-06 22:10:02.576615,1,1626127595
837480,Cough Syrup,PHARMACY,EDWIN AND SONS,217.4,271.75,20.0,365,22,82,2025-10-06 22:10:02.576615,1,431925118
566052,Pain Reliever,PHARMACY,"APTE, SOMAN AND RAJU",87.3,109.12,20.0,365,14,53,2025-10-06 22:10:02.576615,1,56996108
137909,Cough Syrup,PHARMACY,DALAL PLC,864.3,1080.37,20.0,365,23,65,2025-10-06 22:10:02.576615,1,519661349
799459,Vitamins,PHARMACY,"GARG, KARI AND KAPUR",852.02,1065.02,20.0,365,29,66,2025-10-06 22:10:02.576615,1,230851792
264803,Vitamins,PHARMACY,GOLE-DOSHI,995.98,1244.97,20.0,365,17,69,2025-10-06 22:10:02.576615,1,1636107250
851978,Vitamins,PHARMACY,PARSA-BALA,715.72,894.65,20.0,365,28,92,2025-10-06 22:10:02.576615,1,940633450
992178,Pain Reliever,PHARMACY,BASU AND SONS,632.43,790.54,20.0,365,16,89,2025-10-06 22:10:02.576615,1,777024525
56589,Vitamins,PHARMACY,"PAI, KASHYAP AND RAMACHANDRAN",517.77,647.21,20.0,365,16,85,2025-10-06 22:10:02.576615,1,262577165
26060,Vitamins,PHARMACY,SHAH AND SONS,342.94,428.67,20.0,365,25,57,2025-10-06 22:10:02.576615,1,1587775638
33797,Pain Reliever,PHARMACY,GABA LLC,888.12,1110.15,20.0,365,12,51,2025-10-06 22:10:02.576615,1,1365819286
123983,Cough Syrup,PHARMACY,KURIAN-CHHABRA,785.67,982.09,20.0,365,25,72,2025-10-06 22:10:02.576615,1,2011113320
237083,Cough Syrup,PHARMACY,HAYER-BANERJEE,577.13,721.41,20.0,365,24,86,2025-10-06 22:10:02.576615,1,2076240830
154179,Pain Reliever,PHARMACY,"BARAD, DEVI AND ANDRA",582.87,728.59,20.0,365,10,59,2025-10-06 22:10:02.576615,1,2098987007
298985,Vitamins,PHARMACY,"RAMANATHAN, JOSHI AND SRINIVASAN",183.76,229.7,20.0,365,11,61,2025-10-06 22:10:02.576615,1,792173014
444361,Pain Reliever,PHARMACY,"PRAKASH, BAWA AND KALE",822.63,1028.29,20.0,365,20,71,2025-10-06 22:10:02.576615,1,2135980605
679284,Cough Syrup,PHARMACY,PANT LLC,877.89,1097.36,20.0,365,28,95,2025-10-06 22:10:02.576615,1,1768671768
240179,Cough Syrup,PHARMACY,RAM-SURI,90.56,113.2,20.0,365,20,56,2025-10-06 22:10:02.576615,1,1566703172
673058,Cough Syrup,PHARMACY,BALAN-MADAN,765.76,957.2,20.0,365,30,94,2025-10-06 22:10:02.576615,1,1499419575
114414,Vitamins,PHARMACY,KARA-GOLLA,832.06,1040.07,20.0,365,26,66,2025-10-06 22:10:02.576615,1,1919226756
